"","Var1","Freq","title"
"2","CC",0.0433519767637245,"Wieland; Or, The Transformation: An American Tale"
"3","CD",0.00280851676708514,"Wieland; Or, The Transformation: An American Tale"
"4","DT",0.100782543988094,"Wieland; Or, The Transformation: An American Tale"
"5","EX",0.000996183297726782,"Wieland; Or, The Transformation: An American Tale"
"6","FW",1.20022084063468e-05,"Wieland; Or, The Transformation: An American Tale"
"7","IN",0.12392280179553,"Wieland; Or, The Transformation: An American Tale"
"8","JJ",0.0599390287812958,"Wieland; Or, The Transformation: An American Tale"
"9","JJR",0.00196836217864087,"Wieland; Or, The Transformation: An American Tale"
"10","JJS",0.0011282075901966,"Wieland; Or, The Transformation: An American Tale"
"11","MD",0.0162149835569745,"Wieland; Or, The Transformation: An American Tale"
"12","NN",0.156232746825416,"Wieland; Or, The Transformation: An American Tale"
"13","NNP",0.0131064115797307,"Wieland; Or, The Transformation: An American Tale"
"14","NNPS",3.60066252190403e-05,"Wieland; Or, The Transformation: An American Tale"
"15","NNS",0.039871336325884,"Wieland; Or, The Transformation: An American Tale"
"16","PDT",0.000312057418565016,"Wieland; Or, The Transformation: An American Tale"
"17","POS",0.00248445714011378,"Wieland; Or, The Transformation: An American Tale"
"18","PRP",0.0794786240668283,"Wieland; Or, The Transformation: An American Tale"
"19","PRP$",0.048800979380206,"Wieland; Or, The Transformation: An American Tale"
"20","RB",0.0483929042943902,"Wieland; Or, The Transformation: An American Tale"
"21","RBR",0.00171631580210759,"Wieland; Or, The Transformation: An American Tale"
"22","RBS",0.000804147963225233,"Wieland; Or, The Transformation: An American Tale"
"23","RP",0.00133224513310449,"Wieland; Or, The Transformation: An American Tale"
"24","SYM",2.40044168126935e-05,"Wieland; Or, The Transformation: An American Tale"
"25","TO",0.0340982740824312,"Wieland; Or, The Transformation: An American Tale"
"26","UH",0.000828152380037927,"Wieland; Or, The Transformation: An American Tale"
"27","VB",0.0409995439160806,"Wieland; Or, The Transformation: An American Tale"
"28","VBD",0.083967450010802,"Wieland; Or, The Transformation: An American Tale"
"29","VBG",0.00966177776710915,"Wieland; Or, The Transformation: An American Tale"
"30","VBN",0.0424518111332485,"Wieland; Or, The Transformation: An American Tale"
"31","VBP",0.00888163422069661,"Wieland; Or, The Transformation: An American Tale"
"32","VBZ",0.00738135816990326,"Wieland; Or, The Transformation: An American Tale"
"33","WDT",0.0113900957776231,"Wieland; Or, The Transformation: An American Tale"
"34","WP",0.0059290909527353,"Wieland; Or, The Transformation: An American Tale"
"35","WP$",0.00078014354641254,"Wieland; Or, The Transformation: An American Tale"
"36","WRB",0.00465685686166255,"Wieland; Or, The Transformation: An American Tale"
"37","CC",0.0476656460115534,"Edgar Huntly; or, Memoirs of a Sleep-Walker"
"41","CD",0.00415627597672485,"Edgar Huntly; or, Memoirs of a Sleep-Walker"
"51","DT",0.106884687016636,"Edgar Huntly; or, Memoirs of a Sleep-Walker"
"61","EX",0.00114692172522281,"Edgar Huntly; or, Memoirs of a Sleep-Walker"
"71","IN",0.129602154950177,"Edgar Huntly; or, Memoirs of a Sleep-Walker"
"81","JJ",0.0595031408819723,"Edgar Huntly; or, Memoirs of a Sleep-Walker"
"91","JJR",0.0023254101034334,"Edgar Huntly; or, Memoirs of a Sleep-Walker"
"101","JJS",0.00138893273146248,"Edgar Huntly; or, Memoirs of a Sleep-Walker"
"111","MD",0.0164777928596231,"Edgar Huntly; or, Memoirs of a Sleep-Walker"
"121","NN",0.152982522596462,"Edgar Huntly; or, Memoirs of a Sleep-Walker"
"131","NNP",0.00915432936645728,"Edgar Huntly; or, Memoirs of a Sleep-Walker"
"141","NNPS",0.000178877700264108,"Edgar Huntly; or, Memoirs of a Sleep-Walker"
"151","NNS",0.0427938592337721,"Edgar Huntly; or, Memoirs of a Sleep-Walker"
"161","PDT",0.000462977577154161,"Edgar Huntly; or, Memoirs of a Sleep-Walker"
"171","POS",0.00171512147900291,"Edgar Huntly; or, Memoirs of a Sleep-Walker"
"181","PRP",0.0728032240074918,"Edgar Huntly; or, Memoirs of a Sleep-Walker"
"191","PRP$",0.0442459252712102,"Edgar Huntly; or, Memoirs of a Sleep-Walker"
"201","RB",0.0491492787019792,"Edgar Huntly; or, Memoirs of a Sleep-Walker"
"211","RBR",0.00186243252627924,"Edgar Huntly; or, Memoirs of a Sleep-Walker"
"221","RBS",0.000557677536117512,"Edgar Huntly; or, Memoirs of a Sleep-Walker"
"231","RP",0.0013573660784747,"Edgar Huntly; or, Memoirs of a Sleep-Walker"
"241","SYM",1.05222176625946e-05,"Edgar Huntly; or, Memoirs of a Sleep-Walker"
"251","TO",0.0350179403811147,"Edgar Huntly; or, Memoirs of a Sleep-Walker"
"261","UH",0.000431410924166377,"Edgar Huntly; or, Memoirs of a Sleep-Walker"
"271","VB",0.0425518482275324,"Edgar Huntly; or, Memoirs of a Sleep-Walker"
"281","VBD",0.0826730641750055,"Edgar Huntly; or, Memoirs of a Sleep-Walker"
"291","VBG",0.0121531614002967,"Edgar Huntly; or, Memoirs of a Sleep-Walker"
"301","VBN",0.0443616696654987,"Edgar Huntly; or, Memoirs of a Sleep-Walker"
"311","VBP",0.00598714185001631,"Edgar Huntly; or, Memoirs of a Sleep-Walker"
"321","VBZ",0.00555573092584993,"Edgar Huntly; or, Memoirs of a Sleep-Walker"
"331","WDT",0.0118901059587319,"Edgar Huntly; or, Memoirs of a Sleep-Walker"
"341","WP",0.00535580879026064,"Edgar Huntly; or, Memoirs of a Sleep-Walker"
"351","WP$",0.000726033018719025,"Edgar Huntly; or, Memoirs of a Sleep-Walker"
"361","WRB",0.00378799835853404,"Edgar Huntly; or, Memoirs of a Sleep-Walker"
"38","CC",0.0419181637439432,"Jane Talbot"
"42","CD",0.00440491922330559,"Jane Talbot"
"52","DT",0.0800504779932617,"Jane Talbot"
"62","EX",0.00122623427027156,"Jane Talbot"
"72","FW",5.95259354500756e-05,"Jane Talbot"
"82","IN",0.114075502696525,"Jane Talbot"
"92","JJ",0.0659071157303237,"Jane Talbot"
"102","JJR",0.00236913223091301,"Jane Talbot"
"112","JJS",0.00151195876043192,"Jane Talbot"
"122","MD",0.0258580663595128,"Jane Talbot"
"132","NN",0.143338452563782,"Jane Talbot"
"142","NNP",0.022012690929438,"Jane Talbot"
"152","NNPS",0.000190482993440242,"Jane Talbot"
"162","NNS",0.0316797028465302,"Jane Talbot"
"172","PDT",0.000904794218841149,"Jane Talbot"
"182","POS",0.00445253997166565,"Jane Talbot"
"192","PRP",0.100098813052847,"Jane Talbot"
"202","PRP$",0.0480850506565711,"Jane Talbot"
"212","RB",0.0620022143647987,"Jane Talbot"
"222","RBR",0.00205959736657262,"Jane Talbot"
"232","RBS",0.000797647535031013,"Jane Talbot"
"242","RP",0.00198816624403253,"Jane Talbot"
"252","SYM",4.76207483600605e-05,"Jane Talbot"
"262","TO",0.0388109099134493,"Jane Talbot"
"272","UH",0.00145243282498184,"Jane Talbot"
"282","VB",0.0572877602771528,"Jane Talbot"
"292","VBD",0.0432396395109349,"Jane Talbot"
"302","VBG",0.0120242389609153,"Jane Talbot"
"312","VBN",0.0287629320094765,"Jane Talbot"
"322","VBP",0.0222626998583283,"Jane Talbot"
"332","VBZ",0.0163815374358608,"Jane Talbot"
"342","WDT",0.00784551829231996,"Jane Talbot"
"352","WP",0.00659547364786838,"Jane Talbot"
"362","WP$",0.00048811267069062,"Jane Talbot"
"371","WRB",0.00563115349357715,"Jane Talbot"
"39","CC",0.0419181637439432,"Arthur Mervyn; Or, Memoirs of the Year 1793"
"43","CD",0.00440491922330559,"Arthur Mervyn; Or, Memoirs of the Year 1793"
"53","DT",0.0800504779932617,"Arthur Mervyn; Or, Memoirs of the Year 1793"
"63","EX",0.00122623427027156,"Arthur Mervyn; Or, Memoirs of the Year 1793"
"73","FW",5.95259354500756e-05,"Arthur Mervyn; Or, Memoirs of the Year 1793"
"83","IN",0.114075502696525,"Arthur Mervyn; Or, Memoirs of the Year 1793"
"93","JJ",0.0659071157303237,"Arthur Mervyn; Or, Memoirs of the Year 1793"
"103","JJR",0.00236913223091301,"Arthur Mervyn; Or, Memoirs of the Year 1793"
"113","JJS",0.00151195876043192,"Arthur Mervyn; Or, Memoirs of the Year 1793"
"123","MD",0.0258580663595128,"Arthur Mervyn; Or, Memoirs of the Year 1793"
"133","NN",0.143338452563782,"Arthur Mervyn; Or, Memoirs of the Year 1793"
"143","NNP",0.022012690929438,"Arthur Mervyn; Or, Memoirs of the Year 1793"
"153","NNPS",0.000190482993440242,"Arthur Mervyn; Or, Memoirs of the Year 1793"
"163","NNS",0.0316797028465302,"Arthur Mervyn; Or, Memoirs of the Year 1793"
"173","PDT",0.000904794218841149,"Arthur Mervyn; Or, Memoirs of the Year 1793"
"183","POS",0.00445253997166565,"Arthur Mervyn; Or, Memoirs of the Year 1793"
"193","PRP",0.100098813052847,"Arthur Mervyn; Or, Memoirs of the Year 1793"
"203","PRP$",0.0480850506565711,"Arthur Mervyn; Or, Memoirs of the Year 1793"
"213","RB",0.0620022143647987,"Arthur Mervyn; Or, Memoirs of the Year 1793"
"223","RBR",0.00205959736657262,"Arthur Mervyn; Or, Memoirs of the Year 1793"
"233","RBS",0.000797647535031013,"Arthur Mervyn; Or, Memoirs of the Year 1793"
"243","RP",0.00198816624403253,"Arthur Mervyn; Or, Memoirs of the Year 1793"
"253","SYM",4.76207483600605e-05,"Arthur Mervyn; Or, Memoirs of the Year 1793"
"263","TO",0.0388109099134493,"Arthur Mervyn; Or, Memoirs of the Year 1793"
"273","UH",0.00145243282498184,"Arthur Mervyn; Or, Memoirs of the Year 1793"
"283","VB",0.0572877602771528,"Arthur Mervyn; Or, Memoirs of the Year 1793"
"293","VBD",0.0432396395109349,"Arthur Mervyn; Or, Memoirs of the Year 1793"
"303","VBG",0.0120242389609153,"Arthur Mervyn; Or, Memoirs of the Year 1793"
"313","VBN",0.0287629320094765,"Arthur Mervyn; Or, Memoirs of the Year 1793"
"323","VBP",0.0222626998583283,"Arthur Mervyn; Or, Memoirs of the Year 1793"
"333","VBZ",0.0163815374358608,"Arthur Mervyn; Or, Memoirs of the Year 1793"
"343","WDT",0.00784551829231996,"Arthur Mervyn; Or, Memoirs of the Year 1793"
"353","WP",0.00659547364786838,"Arthur Mervyn; Or, Memoirs of the Year 1793"
"363","WP$",0.00048811267069062,"Arthur Mervyn; Or, Memoirs of the Year 1793"
"372","WRB",0.00563115349357715,"Arthur Mervyn; Or, Memoirs of the Year 1793"
"210","CC",0.045501518804998,"Ormond; Or, The Secret Witness"
"310","CD",0.00331945009864404,"Ormond; Or, The Secret Witness"
"44","DT",0.101827785258719,"Ormond; Or, The Secret Witness"
"54","EX",0.0013570079019614,"Ormond; Or, The Secret Witness"
"64","FW",4.17540892911199e-05,"Ormond; Or, The Secret Witness"
"74","IN",0.131024332195534,"Ormond; Or, The Secret Witness"
"84","JJ",0.06822618190169,"Ormond; Or, The Secret Witness"
"94","JJR",0.0025574379690811,"Ormond; Or, The Secret Witness"
"104","JJS",0.00139876199125252,"Ormond; Or, The Secret Witness"
"114","MD",0.0151984885019677,"Ormond; Or, The Secret Witness"
"124","NN",0.15751730185075,"Ormond; Or, The Secret Witness"
"134","NNP",0.0225680852618503,"Ormond; Or, The Secret Witness"
"144","NNPS",0.0001043852232278,"Ormond; Or, The Secret Witness"
"154","NNS",0.0408563763713609,"Ormond; Or, The Secret Witness"
"164","PDT",0.000448856459879539,"Ormond; Or, The Secret Witness"
"174","POS",0.00335076566561238,"Ormond; Or, The Secret Witness"
"184","PRP",0.0673284689819309,"Ormond; Or, The Secret Witness"
"194","PRP$",0.0451048549567323,"Ormond; Or, The Secret Witness"
"204","RB",0.047067297153415,"Ormond; Or, The Secret Witness"
"214","RBR",0.00164928652699924,"Ormond; Or, The Secret Witness"
"224","RBS",0.000835081785822399,"Ormond; Or, The Secret Witness"
"234","RP",0.00101253666530966,"Ormond; Or, The Secret Witness"
"244","TO",0.0366496518752805,"Ormond; Or, The Secret Witness"
"254","UH",0.000605434294721239,"Ormond; Or, The Secret Witness"
"264","VB",0.040470151045418,"Ormond; Or, The Secret Witness"
"274","VBD",0.0759506884205472,"Ormond; Or, The Secret Witness"
"284","VBG",0.0111587803630518,"Ormond; Or, The Secret Witness"
"294","VBN",0.0400734871971524,"Ormond; Or, The Secret Witness"
"304","VBP",0.00727565005897765,"Ormond; Or, The Secret Witness"
"314","VBZ",0.00713994926878151,"Ormond; Or, The Secret Witness"
"324","WDT",0.00951993235837535,"Ormond; Or, The Secret Witness"
"334","WP",0.00486435140241547,"Ormond; Or, The Secret Witness"
"344","WP$",0.000762012129562939,"Ormond; Or, The Secret Witness"
"354","WRB",0.00351778202277686,"Ormond; Or, The Secret Witness"
"215","CC",0.0462348788670214,"Hidden Hand"
"315","CD",0.00499393515533652,"Hidden Hand"
"45","DT",0.0903825769579613,"Hidden Hand"
"55","EX",0.00162821955830447,"Hidden Hand"
"65","FW",0.000327829441269356,"Hidden Hand"
"75","IN",0.110871917037296,"Hidden Hand"
"85","JJ",0.0672596737004295,"Hidden Hand"
"95","JJR",0.00167193015047371,"Hidden Hand"
"105","JJS",0.00107090950814656,"Hidden Hand"
"115","MD",0.016959709761668,"Hidden Hand"
"125","NN",0.14473669832042,"Hidden Hand"
"135","NNP",0.0441804810350668,"Hidden Hand"
"145","NNPS",7.6493536296183e-05,"Hidden Hand"
"155","NNS",0.0272098436253565,"Hidden Hand"
"165","PDT",0.000819573603173389,"Hidden Hand"
"175","POS",0.00526712635639431,"Hidden Hand"
"185","PRP",0.0834653757471779,"Hidden Hand"
"195","PRP$",0.0353946520090481,"Hidden Hand"
"205","RB",0.0601129918807575,"Hidden Hand"
"216","RBR",0.000917922435554196,"Hidden Hand"
"225","RBS",0.000360612385396291,"Hidden Hand"
"235","RP",0.00527805400443663,"Hidden Hand"
"245","TO",0.0265104741506486,"Hidden Hand"
"255","UH",0.00891696080252647,"Hidden Hand"
"265","VB",0.0466829124367562,"Hidden Hand"
"275","VBD",0.0614243096458349,"Hidden Hand"
"285","VBG",0.0195495623476959,"Hidden Hand"
"295","VBN",0.0211887095540427,"Hidden Hand"
"305","VBP",0.0175279474598682,"Hidden Hand"
"316","VBZ",0.0121296893269662,"Hidden Hand"
"325","WDT",0.00351870266962442,"Hidden Hand"
"335","WP",0.00564959403787523,"Hidden Hand"
"345","WP$",0.000305974145184732,"Hidden Hand"
"355","WRB",0.00607577231152539,"Hidden Hand"
"317","CC",0.0435335689045936,"The Fall of the House of Usher"
"46","CD",0.00296819787985866,"The Fall of the House of Usher"
"56","DT",0.128056537102473,"The Fall of the House of Usher"
"66","EX",0.00240282685512367,"The Fall of the House of Usher"
"76","IN",0.160424028268551,"The Fall of the House of Usher"
"86","JJ",0.104169611307421,"The Fall of the House of Usher"
"96","JJR",0.00226148409893993,"The Fall of the House of Usher"
"106","JJS",0.000848056537102474,"The Fall of the House of Usher"
"116","MD",0.00904593639575972,"The Fall of the House of Usher"
"126","NN",0.158021201413428,"The Fall of the House of Usher"
"136","NNP",0.0176678445229682,"The Fall of the House of Usher"
"146","NNS",0.0401413427561837,"The Fall of the House of Usher"
"156","POS",0.000989399293286219,"The Fall of the House of Usher"
"166","PRP",0.054982332155477,"The Fall of the House of Usher"
"176","PRP$",0.0303886925795053,"The Fall of the House of Usher"
"186","RB",0.0641696113074205,"The Fall of the House of Usher"
"196","RBR",0.00197879858657244,"The Fall of the House of Usher"
"206","RBS",0.000706713780918728,"The Fall of the House of Usher"
"217","RP",0.00197879858657244,"The Fall of the House of Usher"
"226","TO",0.016678445229682,"The Fall of the House of Usher"
"236","UH",0.000282685512367491,"The Fall of the House of Usher"
"246","VB",0.0189399293286219,"The Fall of the House of Usher"
"256","VBD",0.0688339222614841,"The Fall of the House of Usher"
"266","VBG",0.0152650176678445,"The Fall of the House of Usher"
"276","VBN",0.0254416961130742,"The Fall of the House of Usher"
"286","VBP",0.00565371024734982,"The Fall of the House of Usher"
"296","VBZ",0.00226148409893993,"The Fall of the House of Usher"
"306","WDT",0.0139929328621908,"The Fall of the House of Usher"
"318","WP",0.00254416961130742,"The Fall of the House of Usher"
"326","WP$",0.000282685512367491,"The Fall of the House of Usher"
"336","WRB",0.00282685512367491,"The Fall of the House of Usher"
"218","CC",0.0439909297052154,"The Tell-Tale Heart"
"319","CD",0.00226757369614512,"The Tell-Tale Heart"
"47","DT",0.119727891156463,"The Tell-Tale Heart"
"57","EX",0.00317460317460317,"The Tell-Tale Heart"
"67","IN",0.107482993197279,"The Tell-Tale Heart"
"77","JJ",0.0698412698412698,"The Tell-Tale Heart"
"87","JJR",0.00589569160997732,"The Tell-Tale Heart"
"97","MD",0.0117913832199546,"The Tell-Tale Heart"
"107","NN",0.141950113378685,"The Tell-Tale Heart"
"117","NNP",0.0285714285714286,"The Tell-Tale Heart"
"127","NNS",0.0235827664399093,"The Tell-Tale Heart"
"137","PDT",0.000453514739229025,"The Tell-Tale Heart"
"147","POS",0.00408163265306122,"The Tell-Tale Heart"
"157","PRP",0.110657596371882,"The Tell-Tale Heart"
"167","PRP$",0.0208616780045351,"The Tell-Tale Heart"
"177","RB",0.072562358276644,"The Tell-Tale Heart"
"187","RBR",0.00498866213151927,"The Tell-Tale Heart"
"197","RP",0.00453514739229025,"The Tell-Tale Heart"
"207","SYM",0.000453514739229025,"The Tell-Tale Heart"
"219","TO",0.0145124716553288,"The Tell-Tale Heart"
"227","UH",0.00272108843537415,"The Tell-Tale Heart"
"237","VB",0.0267573696145125,"The Tell-Tale Heart"
"247","VBD",0.104308390022676,"The Tell-Tale Heart"
"257","VBG",0.00952380952380952,"The Tell-Tale Heart"
"267","VBN",0.0258503401360544,"The Tell-Tale Heart"
"277","VBP",0.0113378684807256,"The Tell-Tale Heart"
"287","VBZ",0.0072562358276644,"The Tell-Tale Heart"
"297","WDT",0.00317460317460317,"The Tell-Tale Heart"
"307","WP",0.00634920634920635,"The Tell-Tale Heart"
"3110","WRB",0.0104308390022676,"The Tell-Tale Heart"
"220","CC",0.0379004986530636,"The Narrative of Arthur Gordon Pym of Nantucket"
"320","CD",0.0133977188055253,"The Narrative of Arthur Gordon Pym of Nantucket"
"48","DT",0.122055367684989,"The Narrative of Arthur Gordon Pym of Nantucket"
"58","EX",0.00187711354387574,"The Narrative of Arthur Gordon Pym of Nantucket"
"68","FW",4.29873330658566e-05,"The Narrative of Arthur Gordon Pym of Nantucket"
"78","IN",0.158895512122428,"The Narrative of Arthur Gordon Pym of Nantucket"
"88","JJ",0.0661145182552874,"The Narrative of Arthur Gordon Pym of Nantucket"
"98","JJR",0.00299478420358801,"The Narrative of Arthur Gordon Pym of Nantucket"
"108","JJS",0.00232131598555626,"The Narrative of Arthur Gordon Pym of Nantucket"
"118","MD",0.0117928583710667,"The Narrative of Arthur Gordon Pym of Nantucket"
"128","NN",0.1491517166275,"The Narrative of Arthur Gordon Pym of Nantucket"
"138","NNP",0.0192153378804379,"The Narrative of Arthur Gordon Pym of Nantucket"
"148","NNPS",0.000100303777153665,"The Narrative of Arthur Gordon Pym of Nantucket"
"158","NNS",0.0398492577520491,"The Narrative of Arthur Gordon Pym of Nantucket"
"168","PDT",0.000687797329053705,"The Narrative of Arthur Gordon Pym of Nantucket"
"178","POS",2.86582220439044e-05,"The Narrative of Arthur Gordon Pym of Nantucket"
"188","PRP",0.0639794807130166,"The Narrative of Arthur Gordon Pym of Nantucket"
"198","PRP$",0.0236143749641772,"The Narrative of Arthur Gordon Pym of Nantucket"
"208","RB",0.067762366022812,"The Narrative of Arthur Gordon Pym of Nantucket"
"2110","RBR",0.0016478477675245,"The Narrative of Arthur Gordon Pym of Nantucket"
"228","RBS",0.00160486043445865,"The Narrative of Arthur Gordon Pym of Nantucket"
"238","RP",0.0048862268584857,"The Narrative of Arthur Gordon Pym of Nantucket"
"248","TO",0.027282627385797,"The Narrative of Arthur Gordon Pym of Nantucket"
"258","UH",4.29873330658566e-05,"The Narrative of Arthur Gordon Pym of Nantucket"
"268","VB",0.0300768040350777,"The Narrative of Arthur Gordon Pym of Nantucket"
"278","VBD",0.0684071760187998,"The Narrative of Arthur Gordon Pym of Nantucket"
"288","VBG",0.027569209606236,"The Narrative of Arthur Gordon Pym of Nantucket"
"298","VBN",0.0325127529088095,"The Narrative of Arthur Gordon Pym of Nantucket"
"308","VBP",0.00459964463804666,"The Narrative of Arthur Gordon Pym of Nantucket"
"3111","VBZ",0.00408379664125638,"The Narrative of Arthur Gordon Pym of Nantucket"
"327","WDT",0.00841118816988594,"The Narrative of Arthur Gordon Pym of Nantucket"
"337","WP",0.00265088553906116,"The Narrative of Arthur Gordon Pym of Nantucket"
"346","WP$",0.000229265776351235,"The Narrative of Arthur Gordon Pym of Nantucket"
"356","WRB",0.00419842952943199,"The Narrative of Arthur Gordon Pym of Nantucket"
"229","CC",0.0282876268624487,"The Diamond Lens"
"328","CD",0.00518246599006694,"The Diamond Lens"
"49","DT",0.113690347657094,"The Diamond Lens"
"59","EX",0.00161952062189592,"The Diamond Lens"
"69","FW",0.000323904124379184,"The Diamond Lens"
"79","IN",0.140574389980566,"The Diamond Lens"
"89","JJ",0.0815158713020946,"The Diamond Lens"
"99","JJR",0.00140358453897646,"The Diamond Lens"
"109","JJS",0.00259123299503347,"The Diamond Lens"
"119","MD",0.0125242928093284,"The Diamond Lens"
"129","NN",0.149427769380263,"The Diamond Lens"
"139","NNP",0.0211617361261067,"The Diamond Lens"
"149","NNPS",0.000107968041459728,"The Diamond Lens"
"159","NNS",0.0448067372057871,"The Diamond Lens"
"169","PDT",0.00151155258043619,"The Diamond Lens"
"179","POS",0.00345497732671129,"The Diamond Lens"
"189","PRP",0.0797883826387389,"The Diamond Lens"
"199","PRP$",0.0312027639818614,"The Diamond Lens"
"209","RB",0.0479378104081192,"The Diamond Lens"
"2111","RBR",0.0019434247462751,"The Diamond Lens"
"2210","RBS",0.00205139278773483,"The Diamond Lens"
"239","RP",0.00205139278773483,"The Diamond Lens"
"249","TO",0.0283955949039084,"The Diamond Lens"
"259","UH",0.00183545670481537,"The Diamond Lens"
"269","VB",0.032930252645217,"The Diamond Lens"
"279","VBD",0.0776290218095444,"The Diamond Lens"
"289","VBG",0.0153314618872814,"The Diamond Lens"
"299","VBN",0.0306629237745627,"The Diamond Lens"
"309","VBP",0.0092852515655366,"The Diamond Lens"
"3112","VBZ",0.00572230619736558,"The Diamond Lens"
"329","WDT",0.0101489958972144,"The Diamond Lens"
"338","WP",0.0046426257827683,"The Diamond Lens"
"347","WP$",0.00053984020729864,"The Diamond Lens"
"357","WRB",0.00475059382422803,"The Diamond Lens"
"230","CC",0.0282876268624487,"Uncle Tom's Cabin"
"330","CD",0.00518246599006694,"Uncle Tom's Cabin"
"410","DT",0.113690347657094,"Uncle Tom's Cabin"
"510","EX",0.00161952062189592,"Uncle Tom's Cabin"
"610","FW",0.000323904124379184,"Uncle Tom's Cabin"
"710","IN",0.140574389980566,"Uncle Tom's Cabin"
"810","JJ",0.0815158713020946,"Uncle Tom's Cabin"
"910","JJR",0.00140358453897646,"Uncle Tom's Cabin"
"1010","JJS",0.00259123299503347,"Uncle Tom's Cabin"
"1110","MD",0.0125242928093284,"Uncle Tom's Cabin"
"1210","NN",0.149427769380263,"Uncle Tom's Cabin"
"1310","NNP",0.0211617361261067,"Uncle Tom's Cabin"
"1410","NNPS",0.000107968041459728,"Uncle Tom's Cabin"
"1510","NNS",0.0448067372057871,"Uncle Tom's Cabin"
"1610","PDT",0.00151155258043619,"Uncle Tom's Cabin"
"1710","POS",0.00345497732671129,"Uncle Tom's Cabin"
"1810","PRP",0.0797883826387389,"Uncle Tom's Cabin"
"1910","PRP$",0.0312027639818614,"Uncle Tom's Cabin"
"2010","RB",0.0479378104081192,"Uncle Tom's Cabin"
"2112","RBR",0.0019434247462751,"Uncle Tom's Cabin"
"2211","RBS",0.00205139278773483,"Uncle Tom's Cabin"
"2310","RP",0.00205139278773483,"Uncle Tom's Cabin"
"2410","TO",0.0283955949039084,"Uncle Tom's Cabin"
"2510","UH",0.00183545670481537,"Uncle Tom's Cabin"
"2610","VB",0.032930252645217,"Uncle Tom's Cabin"
"2710","VBD",0.0776290218095444,"Uncle Tom's Cabin"
"2810","VBG",0.0153314618872814,"Uncle Tom's Cabin"
"2910","VBN",0.0306629237745627,"Uncle Tom's Cabin"
"3010","VBP",0.0092852515655366,"Uncle Tom's Cabin"
"3113","VBZ",0.00572230619736558,"Uncle Tom's Cabin"
"3210","WDT",0.0101489958972144,"Uncle Tom's Cabin"
"339","WP",0.0046426257827683,"Uncle Tom's Cabin"
"348","WP$",0.00053984020729864,"Uncle Tom's Cabin"
"358","WRB",0.00475059382422803,"Uncle Tom's Cabin"
"240","CC",0.0282876268624487,"Moby Dick; Or, The Whale"
"340","CD",0.00518246599006694,"Moby Dick; Or, The Whale"
"411","DT",0.113690347657094,"Moby Dick; Or, The Whale"
"511","EX",0.00161952062189592,"Moby Dick; Or, The Whale"
"611","FW",0.000323904124379184,"Moby Dick; Or, The Whale"
"711","IN",0.140574389980566,"Moby Dick; Or, The Whale"
"811","JJ",0.0815158713020946,"Moby Dick; Or, The Whale"
"911","JJR",0.00140358453897646,"Moby Dick; Or, The Whale"
"1011","JJS",0.00259123299503347,"Moby Dick; Or, The Whale"
"1111","MD",0.0125242928093284,"Moby Dick; Or, The Whale"
"1211","NN",0.149427769380263,"Moby Dick; Or, The Whale"
"1311","NNP",0.0211617361261067,"Moby Dick; Or, The Whale"
"1411","NNPS",0.000107968041459728,"Moby Dick; Or, The Whale"
"1511","NNS",0.0448067372057871,"Moby Dick; Or, The Whale"
"1611","PDT",0.00151155258043619,"Moby Dick; Or, The Whale"
"1711","POS",0.00345497732671129,"Moby Dick; Or, The Whale"
"1811","PRP",0.0797883826387389,"Moby Dick; Or, The Whale"
"1911","PRP$",0.0312027639818614,"Moby Dick; Or, The Whale"
"2011","RB",0.0479378104081192,"Moby Dick; Or, The Whale"
"2113","RBR",0.0019434247462751,"Moby Dick; Or, The Whale"
"2212","RBS",0.00205139278773483,"Moby Dick; Or, The Whale"
"2311","RP",0.00205139278773483,"Moby Dick; Or, The Whale"
"2411","TO",0.0283955949039084,"Moby Dick; Or, The Whale"
"2511","UH",0.00183545670481537,"Moby Dick; Or, The Whale"
"2611","VB",0.032930252645217,"Moby Dick; Or, The Whale"
"2711","VBD",0.0776290218095444,"Moby Dick; Or, The Whale"
"2811","VBG",0.0153314618872814,"Moby Dick; Or, The Whale"
"2911","VBN",0.0306629237745627,"Moby Dick; Or, The Whale"
"3011","VBP",0.0092852515655366,"Moby Dick; Or, The Whale"
"3114","VBZ",0.00572230619736558,"Moby Dick; Or, The Whale"
"3211","WDT",0.0101489958972144,"Moby Dick; Or, The Whale"
"3310","WP",0.0046426257827683,"Moby Dick; Or, The Whale"
"349","WP$",0.00053984020729864,"Moby Dick; Or, The Whale"
"359","WRB",0.00475059382422803,"Moby Dick; Or, The Whale"
"350","CC",0.0488134009783441,"Pierre; or The Ambiguities"
"412","CD",0.00663690978214327,"Pierre; or The Ambiguities"
"512","DT",0.104867067173572,"Pierre; or The Ambiguities"
"612","EX",0.00139485396203402,"Pierre; or The Ambiguities"
"712","FW",3.89261570800192e-05,"Pierre; or The Ambiguities"
"812","IN",0.125290324254888,"Pierre; or The Ambiguities"
"912","JJ",0.0978149450492416,"Pierre; or The Ambiguities"
"1012","JJR",0.00240693404611452,"Pierre; or The Ambiguities"
"1112","JJS",0.00285458485253474,"Pierre; or The Ambiguities"
"1212","LS",1.29753856933397e-05,"Pierre; or The Ambiguities"
"1312","MD",0.014091268862967,"Pierre; or The Ambiguities"
"1412","NN",0.138953405389975,"Pierre; or The Ambiguities"
"1512","NNP",0.038459043195059,"Pierre; or The Ambiguities"
"1612","NNPS",0.000240044635326785,"Pierre; or The Ambiguities"
"1712","NNS",0.0394516602005995,"Pierre; or The Ambiguities"
"1812","PDT",0.00115480932670724,"Pierre; or The Ambiguities"
"1912","POS",0.00522259274156924,"Pierre; or The Ambiguities"
"2012","PRP",0.0620547820783973,"Pierre; or The Ambiguities"
"2114","PRP$",0.028377168511334,"Pierre; or The Ambiguities"
"2213","RB",0.0809404559550533,"Pierre; or The Ambiguities"
"2312","RBR",0.00212147556086105,"Pierre; or The Ambiguities"
"2412","RBS",0.0016154355188208,"Pierre; or The Ambiguities"
"2512","RP",0.00243937251034787,"Pierre; or The Ambiguities"
"2612","TO",0.0239655373755985,"Pierre; or The Ambiguities"
"2712","UH",0.00225122941779444,"Pierre; or The Ambiguities"
"2812","VB",0.0345858905655971,"Pierre; or The Ambiguities"
"2912","VBD",0.0456149684049358,"Pierre; or The Ambiguities"
"3012","VBG",0.0165111782947748,"Pierre; or The Ambiguities"
"3115","VBN",0.0238747096757451,"Pierre; or The Ambiguities"
"3212","VBP",0.012832656450713,"Pierre; or The Ambiguities"
"3311","VBZ",0.0133386964927532,"Pierre; or The Ambiguities"
"3410","WDT",0.00563131739090944,"Pierre; or The Ambiguities"
"3510","WP",0.00378232492960853,"Pierre; or The Ambiguities"
"364","WP$",0.000551453891966939,"Pierre; or The Ambiguities"
"373","WRB",0.00479440501368903,"Pierre; or The Ambiguities"
"250","CC",0.0385503216407336,"The Last of the Mohicans; A narrative of 1757"
"360","CD",0.00443711208530963,"The Last of the Mohicans; A narrative of 1757"
"413","DT",0.13097130844914,"The Last of the Mohicans; A narrative of 1757"
"513","EX",0.00126394497182733,"The Last of the Mohicans; A narrative of 1757"
"613","FW",0.000665234195698596,"The Last of the Mohicans; A narrative of 1757"
"713","IN",0.139632657677135,"The Last of the Mohicans; A narrative of 1757"
"813","JJ",0.0756304757089733,"The Last of the Mohicans; A narrative of 1757"
"913","JJR",0.00239484310451494,"The Last of the Mohicans; A narrative of 1757"
"1013","JJS",0.00148347225640787,"The Last of the Mohicans; A narrative of 1757"
"1113","MD",0.0122669185686821,"The Last of the Mohicans; A narrative of 1757"
"1213","NN",0.147848299994013,"The Last of the Mohicans; A narrative of 1757"
"1313","NNP",0.0275074339921369,"The Last of the Mohicans; A narrative of 1757"
"1413","NNPS",0.00125064028791336,"The Last of the Mohicans; A narrative of 1757"
"1513","NNS",0.0498859123354377,"The Last of the Mohicans; A narrative of 1757"
"1613","PDT",0.000631972485913666,"The Last of the Mohicans; A narrative of 1757"
"1713","POS",0.00145021054662294,"The Last of the Mohicans; A narrative of 1757"
"1813","PRP",0.048814885280363,"The Last of the Mohicans; A narrative of 1757"
"1913","PRP$",0.0365479667116808,"The Last of the Mohicans; A narrative of 1757"
"2013","RB",0.048309307291632,"The Last of the Mohicans; A narrative of 1757"
"2115","RBR",0.00172960890881635,"The Last of the Mohicans; A narrative of 1757"
"2214","RBS",0.000631972485913666,"The Last of the Mohicans; A narrative of 1757"
"2313","RP",0.00144355820466595,"The Last of the Mohicans; A narrative of 1757"
"2413","SYM",9.31327873978034e-05,"The Last of the Mohicans; A narrative of 1757"
"2513","TO",0.0257778250833206,"The Last of the Mohicans; A narrative of 1757"
"2613","UH",0.000844847428537216,"The Last of the Mohicans; A narrative of 1757"
"2713","VB",0.0331353152877471,"The Last of the Mohicans; A narrative of 1757"
"2813","VBD",0.0628380221256894,"The Last of the Mohicans; A narrative of 1757"
"2913","VBG",0.0179214092321202,"The Last of the Mohicans; A narrative of 1757"
"3013","VBN",0.0314855344824145,"The Last of the Mohicans; A narrative of 1757"
"3116","VBP",0.0113023289849191,"The Last of the Mohicans; A narrative of 1757"
"3213","VBZ",0.0110694970164246,"The Last of the Mohicans; A narrative of 1757"
"3312","WDT",0.00817572826513574,"The Last of the Mohicans; A narrative of 1757"
"3411","WP",0.00560792426973916,"The Last of the Mohicans; A narrative of 1757"
"3511","WP$",0.000864804454408174,"The Last of the Mohicans; A narrative of 1757"
"365","WRB",0.00566114300539505,"The Last of the Mohicans; A narrative of 1757"
"260","CC",0.0381624941789523,"The Prairie"
"366","CD",0.00461557506056837,"The Prairie"
"414","DT",0.129371680529111,"The Prairie"
"514","EX",0.0017507353678018,"The Prairie"
"614","FW",6.48420506593258e-05,"The Prairie"
"714","IN",0.137565357839699,"The Prairie"
"814","JJ",0.0747452002145682,"The Prairie"
"914","JJR",0.00285305022901033,"The Prairie"
"1014","JJS",0.00170357751277683,"The Prairie"
"1114","MD",0.0133869360952117,"The Prairie"
"1214","NN",0.149189769103352,"The Prairie"
"1314","NNP",0.0215157713551399,"The Prairie"
"1414","NNPS",0.000730946752886945,"The Prairie"
"1514","NNS",0.0467511185253739,"The Prairie"
"1614","PDT",0.000524631137152727,"The Prairie"
"1714","POS",0.00129684101318652,"The Prairie"
"1814","PRP",0.053459323402675,"The Prairie"
"1914","PRP$",0.0354450227831387,"The Prairie"
"2014","RB",0.0511780621658424,"The Prairie"
"2116","RBR",0.00198652464292662,"The Prairie"
"2215","RBS",0.00055999952842145,"The Prairie"
"2314","RP",0.00126736735379591,"The Prairie"
"2414","SYM",1.1789463756241e-05,"The Prairie"
"2514","TO",0.0290728176228904,"The Prairie"
"2614","UH",0.000978525491768007,"The Prairie"
"2714","VB",0.038345230867174,"The Prairie"
"2814","VBD",0.0527519555773006,"The Prairie"
"2914","VBG",0.0168648279033028,"The Prairie"
"3014","VBN",0.0310711317295733,"The Prairie"
"3117","VBP",0.015308618687479,"The Prairie"
"3214","VBZ",0.0149490400429136,"The Prairie"
"3313","WDT",0.00915451860672117,"The Prairie"
"3412","WP",0.00630736310958896,"The Prairie"
"3512","WP$",0.000536420600908968,"The Prairie"
"367","WRB",0.00488083799508379,"The Prairie"
"270","CC",0.0617435796516777,"Narrative of the Captivity and Restoration of Mrs. Mary Rowlandson"
"368","CD",0.0129882908589983,"Narrative of the Captivity and Restoration of Mrs. Mary Rowlandson"
"415","DT",0.0863426153694775,"Narrative of the Captivity and Restoration of Mrs. Mary Rowlandson"
"515","EX",0.00359145921479878,"Narrative of the Captivity and Restoration of Mrs. Mary Rowlandson"
"615","FW",4.91980714355997e-05,"Narrative of the Captivity and Restoration of Mrs. Mary Rowlandson"
"715","IN",0.12388074387484,"Narrative of the Captivity and Restoration of Mrs. Mary Rowlandson"
"815","JJ",0.0513627865787661,"Narrative of the Captivity and Restoration of Mrs. Mary Rowlandson"
"915","JJR",0.00152514021450359,"Narrative of the Captivity and Restoration of Mrs. Mary Rowlandson"
"1015","JJS",0.000787169142969596,"Narrative of the Captivity and Restoration of Mrs. Mary Rowlandson"
"1115","LS",4.91980714355997e-05,"Narrative of the Captivity and Restoration of Mrs. Mary Rowlandson"
"1215","MD",0.0191380497884483,"Narrative of the Captivity and Restoration of Mrs. Mary Rowlandson"
"1315","NN",0.111532027944505,"Narrative of the Captivity and Restoration of Mrs. Mary Rowlandson"
"1415","NNP",0.0279937026468562,"Narrative of the Captivity and Restoration of Mrs. Mary Rowlandson"
"1515","NNPS",0.00295188428613598,"Narrative of the Captivity and Restoration of Mrs. Mary Rowlandson"
"1615","NNS",0.0344878480763554,"Narrative of the Captivity and Restoration of Mrs. Mary Rowlandson"
"1715","PDT",0.00103315950014759,"Narrative of the Captivity and Restoration of Mrs. Mary Rowlandson"
"1815","POS",0.00245990357177999,"Narrative of the Captivity and Restoration of Mrs. Mary Rowlandson"
"1915","PRP",0.123290367017613,"Narrative of the Captivity and Restoration of Mrs. Mary Rowlandson"
"2015","PRP$",0.0324707271474958,"Narrative of the Captivity and Restoration of Mrs. Mary Rowlandson"
"2117","RB",0.0596772606513825,"Narrative of the Captivity and Restoration of Mrs. Mary Rowlandson"
"2216","RBR",0.000787169142969596,"Narrative of the Captivity and Restoration of Mrs. Mary Rowlandson"
"2315","RBS",0.000147594214306799,"Narrative of the Captivity and Restoration of Mrs. Mary Rowlandson"
"2415","RP",0.00418183607202598,"Narrative of the Captivity and Restoration of Mrs. Mary Rowlandson"
"2515","SYM",4.91980714355997e-05,"Narrative of the Captivity and Restoration of Mrs. Mary Rowlandson"
"2615","TO",0.0287316737183902,"Narrative of the Captivity and Restoration of Mrs. Mary Rowlandson"
"2715","UH",0.00122995178588999,"Narrative of the Captivity and Restoration of Mrs. Mary Rowlandson"
"2815","VB",0.0448194430778313,"Narrative of the Captivity and Restoration of Mrs. Mary Rowlandson"
"2915","VBD",0.0882613401554659,"Narrative of the Captivity and Restoration of Mrs. Mary Rowlandson"
"3015","VBG",0.0176621076453803,"Narrative of the Captivity and Restoration of Mrs. Mary Rowlandson"
"3118","VBN",0.0207615861458231,"Narrative of the Captivity and Restoration of Mrs. Mary Rowlandson"
"3215","VBP",0.00797008757256716,"Narrative of the Captivity and Restoration of Mrs. Mary Rowlandson"
"3314","VBZ",0.00447702450063957,"Narrative of the Captivity and Restoration of Mrs. Mary Rowlandson"
"3413","WDT",0.00678933385811276,"Narrative of the Captivity and Restoration of Mrs. Mary Rowlandson"
"3513","WP",0.00472301485781757,"Narrative of the Captivity and Restoration of Mrs. Mary Rowlandson"
"369","WP$",0.000295188428613598,"Narrative of the Captivity and Restoration of Mrs. Mary Rowlandson"
"374","WRB",0.00836367214405195,"Narrative of the Captivity and Restoration of Mrs. Mary Rowlandson"
"370","CC",0.0444329081963732,"The Scarlet Letter"
"416","CD",0.0050025366636384,"The Scarlet Letter"
"516","DT",0.111884564106799,"The Scarlet Letter"
"616","EX",0.00258385738051134,"The Scarlet Letter"
"716","FW",1.17984355274491e-05,"The Scarlet Letter"
"816","IN",0.14018901093715,"The Scarlet Letter"
"916","JJ",0.0883466852295386,"The Scarlet Letter"
"1016","JJR",0.00332715881874063,"The Scarlet Letter"
"1116","JJS",0.00171077315148011,"The Scarlet Letter"
"1216","MD",0.0144058897790153,"The Scarlet Letter"
"1316","NN",0.16035253725356,"The Scarlet Letter"
"1416","NNP",0.0313248463253773,"The Scarlet Letter"
"1516","NNPS",0.00024776714607643,"The Scarlet Letter"
"1616","NNS",0.0327406585886711,"The Scarlet Letter"
"1716","PDT",0.00101466545536062,"The Scarlet Letter"
"1816","POS",0.00624137239402055,"The Scarlet Letter"
"1916","PRP",0.0553818563658459,"The Scarlet Letter"
"2016","PRP$",0.0311950635345753,"The Scarlet Letter"
"2118","RB",0.0623193364559859,"The Scarlet Letter"
"2217","RBR",0.00188774968439185,"The Scarlet Letter"
"2316","RBS",0.000719704567174393,"The Scarlet Letter"
"2416","RP",0.00289061670422502,"The Scarlet Letter"
"2516","TO",0.0229243602298335,"The Scarlet Letter"
"2616","UH",0.000814092051393985,"The Scarlet Letter"
"2716","VB",0.035442500324457,"The Scarlet Letter"
"2816","VBD",0.0556178250763949,"The Scarlet Letter"
"2916","VBG",0.0137215805184233,"The Scarlet Letter"
"3016","VBN",0.0294134997699305,"The Scarlet Letter"
"3119","VBP",0.00776337057706148,"The Scarlet Letter"
"3216","VBZ",0.0087308422903123,"The Scarlet Letter"
"3315","WDT",0.00988708897200231,"The Scarlet Letter"
"3414","WP",0.00517951319655014,"The Scarlet Letter"
"3514","WP$",0.000696107696119495,"The Scarlet Letter"
"3610","WRB",0.00399966964380523,"The Scarlet Letter"
"375","CC",0.0425985190468593,"The House of the Seven Gables"
"417","CD",0.00600640057060805,"The House of the Seven Gables"
"517","DT",0.111353035578538,"The House of the Seven Gables"
"617","EX",0.00255272024250842,"The House of the Seven Gables"
"717","FW",1.87700017831502e-05,"The House of the Seven Gables"
"817","IN",0.138259833134684,"The House of the Seven Gables"
"917","JJ",0.09068726361529,"The House of the Seven Gables"
"1017","JJR",0.00330352031383443,"The House of the Seven Gables"
"1117","JJS",0.00193331018366447,"The House of the Seven Gables"
"1217","LS",9.38500089157509e-06,"The House of the Seven Gables"
"1317","MD",0.0144059763685678,"The House of the Seven Gables"
"1417","NN",0.157339539947256,"The House of the Seven Gables"
"1517","NNP",0.0313646729796439,"The House of the Seven Gables"
"1617","NNPS",0.000675720064193406,"The House of the Seven Gables"
"1717","NNS",0.0324064080786088,"The House of the Seven Gables"
"1817","PDT",0.000825880078458607,"The House of the Seven Gables"
"1917","POS",0.00732968569632014,"The House of the Seven Gables"
"2017","PRP",0.0559439903146791,"The House of the Seven Gables"
"2119","PRP$",0.0300413878539318,"The House of the Seven Gables"
"2218","RB",0.0649442061696996,"The House of the Seven Gables"
"2317","RBR",0.00209285519882124,"The House of the Seven Gables"
"2417","RBS",0.00057248505438608,"The House of the Seven Gables"
"2517","RP",0.0030125852861956,"The House of the Seven Gables"
"2617","TO",0.0249922573742644,"The House of the Seven Gables"
"2717","UH",0.00156729514889304,"The House of the Seven Gables"
"2817","VB",0.0362261034414798,"The House of the Seven Gables"
"2917","VBD",0.0501534447645773,"The House of the Seven Gables"
"3017","VBG",0.0155227914746652,"The House of the Seven Gables"
"3120","VBN",0.0268411025499047,"The House of the Seven Gables"
"3217","VBP",0.0106519760119377,"The House of the Seven Gables"
"3316","VBZ",0.0117312511144689,"The House of the Seven Gables"
"3415","WDT",0.00834326579261025,"The House of the Seven Gables"
"3515","WP",0.00423263540210036,"The House of the Seven Gables"
"3611","WP$",0.000394170037446154,"The House of the Seven Gables"
"376","WRB",0.00391354537178681,"The House of the Seven Gables"
"280","CC",0.0343680709534368,"Twice-Told Tales"
"377","CD",0.0040650406504065,"Twice-Told Tales"
"418","DT",0.115668883961567,"Twice-Told Tales"
"518","EX",0.00443458980044346,"Twice-Told Tales"
"618","IN",0.134885439763489,"Twice-Told Tales"
"718","JJ",0.0838876570583888,"Twice-Told Tales"
"818","JJR",0.00147819660014782,"Twice-Told Tales"
"918","JJS",0.00221729490022173,"Twice-Told Tales"
"1018","MD",0.0114560236511456,"Twice-Told Tales"
"1118","NN",0.160014781966001,"Twice-Told Tales"
"1218","NNP",0.0445306725794531,"Twice-Told Tales"
"1318","NNPS",0.000369549150036955,"Twice-Told Tales"
"1418","NNS",0.0349223946784922,"Twice-Told Tales"
"1518","PDT",0.000554323725055432,"Twice-Told Tales"
"1618","POS",0.00757575757575758,"Twice-Told Tales"
"1718","PRP",0.0509977827050998,"Twice-Told Tales"
"1818","PRP$",0.0375092387287509,"Twice-Told Tales"
"1918","RB",0.0606060606060606,"Twice-Told Tales"
"2018","RBR",0.00147819660014782,"Twice-Told Tales"
"2120","RBS",0.000369549150036955,"Twice-Told Tales"
"2219","RP",0.0016629711751663,"Twice-Told Tales"
"2318","SYM",0.000369549150036955,"Twice-Told Tales"
"2418","TO",0.0234663710273466,"Twice-Told Tales"
"2518","UH",0.000554323725055432,"Twice-Told Tales"
"2618","VB",0.0332594235033259,"Twice-Told Tales"
"2718","VBD",0.0737250554323725,"Twice-Told Tales"
"2818","VBG",0.0144124168514412,"Twice-Told Tales"
"2918","VBN",0.0236511456023651,"Twice-Told Tales"
"3018","VBP",0.00554323725055432,"Twice-Told Tales"
"3121","VBZ",0.00609756097560976,"Twice-Told Tales"
"3218","WDT",0.00646711012564671,"Twice-Told Tales"
"3317","WP",0.00443458980044346,"Twice-Told Tales"
"3416","WP$",0.000184774575018477,"Twice-Told Tales"
"3516","WRB",0.00517368810051737,"Twice-Told Tales"
"290","CC",0.049025069637883,"Young Goodman Brown"
"378","CD",0.00464252553389044,"Young Goodman Brown"
"419","DT",0.116434540389972,"Young Goodman Brown"
"519","EX",0.00334261838440111,"Young Goodman Brown"
"619","IN",0.132590529247911,"Young Goodman Brown"
"719","JJ",0.0752089136490251,"Young Goodman Brown"
"819","JJR",0.00297121634168988,"Young Goodman Brown"
"919","JJS",0.00167130919220056,"Young Goodman Brown"
"1019","MD",0.0131847725162488,"Young Goodman Brown"
"1119","NN",0.159145775301764,"Young Goodman Brown"
"1219","NNP",0.0445682451253482,"Young Goodman Brown"
"1319","NNPS",0.000371402042711235,"Young Goodman Brown"
"1419","NNS",0.0365831012070566,"Young Goodman Brown"
"1519","PDT",0.00074280408542247,"Young Goodman Brown"
"1619","POS",0.00371402042711235,"Young Goodman Brown"
"1719","PRP",0.0549675023212628,"Young Goodman Brown"
"1819","PRP$",0.0310120705663881,"Young Goodman Brown"
"1919","RB",0.0599814298978644,"Young Goodman Brown"
"2019","RBR",0.000928505106778087,"Young Goodman Brown"
"2121","RP",0.0031569173630455,"Young Goodman Brown"
"2220","TO",0.0183844011142061,"Young Goodman Brown"
"2319","UH",0.0031569173630455,"Young Goodman Brown"
"2419","VB",0.0324976787372331,"Young Goodman Brown"
"2519","VBD",0.0657381615598886,"Young Goodman Brown"
"2619","VBG",0.0196843082636955,"Young Goodman Brown"
"2719","VBN",0.0220984215413185,"Young Goodman Brown"
"2819","VBP",0.00909935004642526,"Young Goodman Brown"
"2919","VBZ",0.00668523676880223,"Young Goodman Brown"
"3019","WDT",0.00389972144846797,"Young Goodman Brown"
"3122","WP",0.00594243268337976,"Young Goodman Brown"
"3219","WRB",0.00557103064066852,"Young Goodman Brown"
"2100","CC",0.0476028561713703,"The Man of Adamant"
"379","CD",0.00374022441346481,"The Man of Adamant"
"420","DT",0.121727303638218,"The Man of Adamant"
"520","EX",0.00306018361101666,"The Man of Adamant"
"620","IN",0.136348180890853,"The Man of Adamant"
"720","JJ",0.0843250595035702,"The Man of Adamant"
"820","JJR",0.00204012240734444,"The Man of Adamant"
"920","JJS",0.00136008160489629,"The Man of Adamant"
"1020","MD",0.0112206732403944,"The Man of Adamant"
"1120","NN",0.163209792587555,"The Man of Adamant"
"1220","NNP",0.0285617137028222,"The Man of Adamant"
"1320","NNS",0.0350221013260796,"The Man of Adamant"
"1420","POS",0.00408024481468888,"The Man of Adamant"
"1520","PRP",0.0523631417885073,"The Man of Adamant"
"1620","PRP$",0.0295817749064944,"The Man of Adamant"
"1720","RB",0.0612036722203332,"The Man of Adamant"
"1820","RBR",0.00476028561713703,"The Man of Adamant"
"1920","RBS",0.00136008160489629,"The Man of Adamant"
"2020","RP",0.00374022441346481,"The Man of Adamant"
"2122","TO",0.0234614076844611,"The Man of Adamant"
"2221","UH",0.000340020401224073,"The Man of Adamant"
"2320","VB",0.0333219993199592,"The Man of Adamant"
"2420","VBD",0.0632437946276777,"The Man of Adamant"
"2520","VBG",0.0149608976538592,"The Man of Adamant"
"2620","VBN",0.0367222033321999,"The Man of Adamant"
"2720","VBP",0.00714042842570554,"The Man of Adamant"
"2820","VBZ",0.00408024481468888,"The Man of Adamant"
"2920","WDT",0.00714042842570554,"The Man of Adamant"
"3020","WP",0.00374022441346481,"The Man of Adamant"
"3123","WP$",0.000340020401224073,"The Man of Adamant"
"3220","WRB",0.00476028561713703,"The Man of Adamant"
"2101","CC",0.0399197958439665,"Prophetic Pictures"
"380","CD",0.0111192125410135,"Prophetic Pictures"
"421","DT",0.113197229310973,"Prophetic Pictures"
"521","EX",0.003281079110463,"Prophetic Pictures"
"621","FW",0.0001822821728035,"Prophetic Pictures"
"721","IN",0.135982500911411,"Prophetic Pictures"
"821","JJ",0.0805687203791469,"Prophetic Pictures"
"921","JJR",0.0016405395552315,"Prophetic Pictures"
"1021","JJS",0.0023696682464455,"Prophetic Pictures"
"1121","MD",0.0129420342690485,"Prophetic Pictures"
"1221","NN",0.142544659132337,"Prophetic Pictures"
"1321","NNP",0.038643820634342,"Prophetic Pictures"
"1421","NNPS",0.000546846518410499,"Prophetic Pictures"
"1521","NNS",0.0483047757929275,"Prophetic Pictures"
"1621","PDT",0.001093693036821,"Prophetic Pictures"
"1721","POS",0.00619759387531899,"Prophetic Pictures"
"1821","PRP",0.0650747356908494,"Prophetic Pictures"
"1921","PRP$",0.030987969376595,"Prophetic Pictures"
"2021","RB",0.0530441122858184,"Prophetic Pictures"
"2123","RBR",0.001822821728035,"Prophetic Pictures"
"2222","RBS",0.000911410864017499,"Prophetic Pictures"
"2321","RP",0.000729128691213999,"Prophetic Pictures"
"2421","SYM",0.000364564345607,"Prophetic Pictures"
"2521","TO",0.0198687568355815,"Prophetic Pictures"
"2621","UH",0.0016405395552315,"Prophetic Pictures"
"2721","VB",0.029894276339774,"Prophetic Pictures"
"2821","VBD",0.0650747356908494,"Prophetic Pictures"
"2921","VBG",0.0151294203426905,"Prophetic Pictures"
"3021","VBN",0.0293474298213635,"Prophetic Pictures"
"3124","VBP",0.00874954429456799,"Prophetic Pictures"
"3221","VBZ",0.0107546481954065,"Prophetic Pictures"
"3318","WDT",0.00820269777615749,"Prophetic Pictures"
"3417","WP",0.004374772147284,"Prophetic Pictures"
"3517","WP$",0.0001822821728035,"Prophetic Pictures"
"3612","WRB",0.0020051039008385,"Prophetic Pictures"
"381","CC",0.0423704910840202,"The Marble Faun; Or, The Romance of Monte Beni - Volume 1"
"422","CD",0.0057037199536181,"The Marble Faun; Or, The Romance of Monte Beni - Volume 1"
"522","DT",0.108480366040929,"The Marble Faun; Or, The Romance of Monte Beni - Volume 1"
"622","EX",0.0027891817355605,"The Marble Faun; Or, The Romance of Monte Beni - Volume 1"
"722","FW",0.000188034723745652,"The Marble Faun; Or, The Romance of Monte Beni - Volume 1"
"822","IN",0.138769626124291,"The Marble Faun; Or, The Romance of Monte Beni - Volume 1"
"922","JJ",0.0851953994170924,"The Marble Faun; Or, The Romance of Monte Beni - Volume 1"
"1022","JJR",0.00283619041649691,"The Marble Faun; Or, The Romance of Monte Beni - Volume 1"
"1122","JJS",0.00167664295339873,"The Marble Faun; Or, The Romance of Monte Beni - Volume 1"
"1222","MD",0.0132251089034442,"The Marble Faun; Or, The Romance of Monte Beni - Volume 1"
"1322","NN",0.1443323200351,"The Marble Faun; Or, The Romance of Monte Beni - Volume 1"
"1422","NNP",0.0333918330251653,"The Marble Faun; Or, The Romance of Monte Beni - Volume 1"
"1522","NNPS",0.000282052085618478,"The Marble Faun; Or, The Romance of Monte Beni - Volume 1"
"1622","NNS",0.0397380049515811,"The Marble Faun; Or, The Romance of Monte Beni - Volume 1"
"1722","PDT",0.000940173618728259,"The Marble Faun; Or, The Romance of Monte Beni - Volume 1"
"1822","POS",0.00590742423767589,"The Marble Faun; Or, The Romance of Monte Beni - Volume 1"
"1922","PRP",0.0655457707856718,"The Marble Faun; Or, The Romance of Monte Beni - Volume 1"
"2022","PRP$",0.0271396784606224,"The Marble Faun; Or, The Romance of Monte Beni - Volume 1"
"2124","RB",0.0632736845404118,"The Marble Faun; Or, The Romance of Monte Beni - Volume 1"
"2223","RBR",0.00199003415964148,"The Marble Faun; Or, The Romance of Monte Beni - Volume 1"
"2322","RBS",0.000752138894982607,"The Marble Faun; Or, The Romance of Monte Beni - Volume 1"
"2422","RP",0.00263248613243912,"The Marble Faun; Or, The Romance of Monte Beni - Volume 1"
"2522","TO",0.0215926541101257,"The Marble Faun; Or, The Romance of Monte Beni - Volume 1"
"2622","UH",0.00225641668494782,"The Marble Faun; Or, The Romance of Monte Beni - Volume 1"
"2722","VB",0.0346453978501363,"The Marble Faun; Or, The Romance of Monte Beni - Volume 1"
"2822","VBD",0.0518819141934877,"The Marble Faun; Or, The Romance of Monte Beni - Volume 1"
"2922","VBG",0.0154188473471434,"The Marble Faun; Or, The Romance of Monte Beni - Volume 1"
"3022","VBN",0.0255883919897208,"The Marble Faun; Or, The Romance of Monte Beni - Volume 1"
"3125","VBP",0.0142436303237331,"The Marble Faun; Or, The Romance of Monte Beni - Volume 1"
"3222","VBZ",0.014917421417155,"The Marble Faun; Or, The Romance of Monte Beni - Volume 1"
"3319","WDT",0.00974646651414961,"The Marble Faun; Or, The Romance of Monte Beni - Volume 1"
"3418","WP",0.00526497226487825,"The Marble Faun; Or, The Romance of Monte Beni - Volume 1"
"3518","WP$",0.000673791093421919,"The Marble Faun; Or, The Romance of Monte Beni - Volume 1"
"3613","WRB",0.00426212040490144,"The Marble Faun; Or, The Romance of Monte Beni - Volume 1"
"382","CC",0.0468152348884261,"Nick of the Woods; Or, Adventures of Prairie Life"
"423","CD",0.00522794736608923,"Nick of the Woods; Or, Adventures of Prairie Life"
"523","DT",0.113707855212441,"Nick of the Woods; Or, Adventures of Prairie Life"
"623","EX",0.00195678820905882,"Nick of the Woods; Or, Adventures of Prairie Life"
"723","FW",6.64569580435072e-05,"Nick of the Woods; Or, Adventures of Prairie Life"
"823","IN",0.13981805561709,"Nick of the Woods; Or, Adventures of Prairie Life"
"923","JJ",0.0688789449588705,"Nick of the Woods; Or, Adventures of Prairie Life"
"1023","JJR",0.00366990090529145,"Nick of the Woods; Or, Adventures of Prairie Life"
"1123","JJS",0.00197894052840666,"Nick of the Woods; Or, Adventures of Prairie Life"
"1223","LS",7.38410644927857e-06,"Nick of the Woods; Or, Adventures of Prairie Life"
"1323","MD",0.0140445704665278,"Nick of the Woods; Or, Adventures of Prairie Life"
"1423","NN",0.146559744805281,"Nick of the Woods; Or, Adventures of Prairie Life"
"1523","NNP",0.0288423197908821,"Nick of the Woods; Or, Adventures of Prairie Life"
"1623","NNPS",0.000945165625507657,"Nick of the Woods; Or, Adventures of Prairie Life"
"1723","NNS",0.0435883803700914,"Nick of the Woods; Or, Adventures of Prairie Life"
"1823","PDT",0.000642417261087236,"Nick of the Woods; Or, Adventures of Prairie Life"
"1923","POS",0.00562668911435027,"Nick of the Woods; Or, Adventures of Prairie Life"
"2023","PRP",0.0672322892206814,"Nick of the Woods; Or, Adventures of Prairie Life"
"2125","PRP$",0.0299942403969696,"Nick of the Woods; Or, Adventures of Prairie Life"
"2224","RB",0.0551002023245167,"Nick of the Woods; Or, Adventures of Prairie Life"
"2323","RBR",0.00189771535746459,"Nick of the Woods; Or, Adventures of Prairie Life"
"2423","RBS",0.000531655664348057,"Nick of the Woods; Or, Adventures of Prairie Life"
"2523","RP",0.00263612600239245,"Nick of the Woods; Or, Adventures of Prairie Life"
"2623","SYM",0.000118145703188457,"Nick of the Woods; Or, Adventures of Prairie Life"
"2723","TO",0.0267969223044319,"Nick of the Woods; Or, Adventures of Prairie Life"
"2823","UH",0.000974702051304772,"Nick of the Woods; Or, Adventures of Prairie Life"
"2923","VB",0.0348012936954499,"Nick of the Woods; Or, Adventures of Prairie Life"
"3023","VBD",0.0576846395817642,"Nick of the Woods; Or, Adventures of Prairie Life"
"3126","VBG",0.0232747035281261,"Nick of the Woods; Or, Adventures of Prairie Life"
"3223","VBN",0.0287463264070415,"Nick of the Woods; Or, Adventures of Prairie Life"
"3320","VBP",0.00957718606471431,"Nick of the Woods; Or, Adventures of Prairie Life"
"3419","VBZ",0.00997592781297535,"Nick of the Woods; Or, Adventures of Prairie Life"
"3519","WDT",0.00882400720688789,"Nick of the Woods; Or, Adventures of Prairie Life"
"3614","WP",0.00519841094029212,"Nick of the Woods; Or, Adventures of Prairie Life"
"3710","WP$",0.000738410644927857,"Nick of the Woods; Or, Adventures of Prairie Life"
"383","WRB",0.00441569565666859,"Nick of the Woods; Or, Adventures of Prairie Life"
"2102","CC",0.0511210762331839,"The Legend of Sleepy Hollow"
"384","CD",0.00497350183448838,"The Legend of Sleepy Hollow"
"424","DT",0.127598858540563,"The Legend of Sleepy Hollow"
"524","EX",0.001875254790053,"The Legend of Sleepy Hollow"
"624","IN",0.156543008560946,"The Legend of Sleepy Hollow"
"724","JJ",0.0874031797798614,"The Legend of Sleepy Hollow"
"824","JJR",0.00154912352221769,"The Legend of Sleepy Hollow"
"924","JJS",0.00122299225438239,"The Legend of Sleepy Hollow"
"1024","MD",0.00644109253974725,"The Legend of Sleepy Hollow"
"1124","NN",0.169099062372605,"The Legend of Sleepy Hollow"
"1224","NNP",0.0261720342437831,"The Legend of Sleepy Hollow"
"1324","NNPS",0.000244598450876478,"The Legend of Sleepy Hollow"
"1424","NNS",0.05902975947819,"The Legend of Sleepy Hollow"
"1524","PDT",0.00179372197309417,"The Legend of Sleepy Hollow"
"1624","POS",0.00269058295964126,"The Legend of Sleepy Hollow"
"1724","PRP",0.0373420301671423,"The Legend of Sleepy Hollow"
"1824","PRP$",0.0294333469221362,"The Legend of Sleepy Hollow"
"1924","RB",0.0449245821443131,"The Legend of Sleepy Hollow"
"2024","RBR",0.00114145943742356,"The Legend of Sleepy Hollow"
"2126","RBS",0.00122299225438239,"The Legend of Sleepy Hollow"
"2225","RP",0.00342437831227069,"The Legend of Sleepy Hollow"
"2324","TO",0.0202201386057888,"The Legend of Sleepy Hollow"
"2424","UH",0.000163065633917652,"The Legend of Sleepy Hollow"
"2524","VB",0.0207093355075418,"The Legend of Sleepy Hollow"
"2624","VBD",0.0600896860986547,"The Legend of Sleepy Hollow"
"2724","VBG",0.0231553200163066,"The Legend of Sleepy Hollow"
"2824","VBN",0.0295964125560538,"The Legend of Sleepy Hollow"
"2924","VBP",0.00538116591928251,"The Legend of Sleepy Hollow"
"3024","VBZ",0.00717488789237668,"The Legend of Sleepy Hollow"
"3127","WDT",0.00733795352629433,"The Legend of Sleepy Hollow"
"3224","WP",0.00513656746840603,"The Legend of Sleepy Hollow"
"3321","WP$",0.00040766408479413,"The Legend of Sleepy Hollow"
"3420","WRB",0.00399510803098247,"The Legend of Sleepy Hollow"
"2103","CC",0.047555357408233,"Rip Van Winkle"
"385","CD",0.00445831475702185,"Rip Van Winkle"
"425","DT",0.116213404666369,"Rip Van Winkle"
"525","EX",0.00252637836231238,"Rip Van Winkle"
"625","IN",0.135532768613464,"Rip Van Winkle"
"725","JJ",0.0809927180858969,"Rip Van Winkle"
"825","JJR",0.00208054688661019,"Rip Van Winkle"
"925","JJS",0.00148610491900728,"Rip Van Winkle"
"1025","MD",0.00876801902214296,"Rip Van Winkle"
"1125","NN",0.154852132560559,"Rip Van Winkle"
"1225","NNP",0.0460692524892257,"Rip Van Winkle"
"1325","NNPS",0.000594441967602913,"Rip Van Winkle"
"1425","NNS",0.0480011888839352,"Rip Van Winkle"
"1525","PDT",0.000445831475702185,"Rip Van Winkle"
"1625","POS",0.00594441967602913,"Rip Van Winkle"
"1725","PRP",0.0539456085599643,"Rip Van Winkle"
"1825","PRP$",0.0343290236290682,"Rip Van Winkle"
"1925","RB",0.0477039679001338,"Rip Van Winkle"
"2025","RBR",0.000594441967602913,"Rip Van Winkle"
"2127","RBS",0.000445831475702185,"Rip Van Winkle"
"2226","RP",0.0037152622975182,"Rip Van Winkle"
"2325","SYM",0.000148610491900728,"Rip Van Winkle"
"2425","TO",0.0219943528013078,"Rip Van Winkle"
"2525","UH",0.00163471541090801,"Rip Van Winkle"
"2625","VB",0.0246693416555209,"Rip Van Winkle"
"2725","VBD",0.0713330361123495,"Rip Van Winkle"
"2825","VBG",0.0184277009956903,"Rip Van Winkle"
"2925","VBN",0.0288304354287413,"Rip Van Winkle"
"3025","VBP",0.0068360826274335,"Rip Van Winkle"
"3128","VBZ",0.00653886164363204,"Rip Van Winkle"
"3225","WDT",0.00802496656263932,"Rip Van Winkle"
"3322","WP",0.00549858820032694,"Rip Van Winkle"
"3421","WP$",0.000297220983801456,"Rip Van Winkle"
"3520","WRB",0.00564719869222767,"Rip Van Winkle"
"2104","CC",0.0334079880552445,"What Was It?"
"386","CD",0.00709219858156028,"What Was It?"
"426","DT",0.112168719671519,"What Was It?"
"526","EX",0.00223964165733483,"What Was It?"
"626","FW",0.000186636804777902,"What Was It?"
"726","IN",0.134005225830534,"What Was It?"
"826","JJ",0.08006718924972,"What Was It?"
"926","JJR",0.000933184023889511,"What Was It?"
"1026","JJS",0.00186636804777902,"What Was It?"
"1126","MD",0.0126913027248974,"What Was It?"
"1226","NN",0.14856289660321,"What Was It?"
"1326","NNP",0.0472191116088093,"What Was It?"
"1426","NNPS",0.000559910414333707,"What Was It?"
"1526","NNS",0.0367674505412467,"What Was It?"
"1626","PDT",0.000373273609555804,"What Was It?"
"1726","POS",0.00335946248600224,"What Was It?"
"1826","PRP",0.0767077267637178,"What Was It?"
"1926","PRP$",0.0270623366927958,"What Was It?"
"2026","RB",0.0498320268756999,"What Was It?"
"2128","RBR",0.00149309443822322,"What Was It?"
"2227","RBS",0.000746547219111609,"What Was It?"
"2326","RP",0.00261291526689063,"What Was It?"
"2426","TO",0.020903322135125,"What Was It?"
"2526","UH",0.000559910414333707,"What Was It?"
"2626","VB",0.0328480776409108,"What Was It?"
"2726","VBD",0.0737215378872714,"What Was It?"
"2826","VBG",0.017170586039567,"What Was It?"
"2926","VBN",0.0259425158641284,"What Was It?"
"3026","VBP",0.0125046659201194,"What Was It?"
"3129","VBZ",0.0100783874580067,"What Was It?"
"3226","WDT",0.00989175065322882,"What Was It?"
"3323","WP",0.00597237775289287,"What Was It?"
"3422","WP$",0.000186636804777902,"What Was It?"
"3521","WRB",0.00354609929078014,"What Was It?"
